{"version":"1.4.0","project":{"name":"project_bd2c96d2de","directory":"C:\\Users\\Asus\\Desktop\\scala\\.scala-build","workspaceDir":"C:\\Users\\Asus\\Desktop\\scala","sources":["C:\\Users\\Asus\\Desktop\\scala\\q1.scala","C:\\Users\\Asus\\Desktop\\scala\\q2.scala","C:\\Users\\Asus\\Desktop\\scala\\q3.scala"],"dependencies":[],"classpath":["C:\\Users\\Asus\\AppData\\Local\\Coursier\\cache\\v1\\https\\repo1.maven.org\\maven2\\org\\scala-lang\\scala3-library_3\\3.3.0\\scala3-library_3-3.3.0.jar","C:\\Users\\Asus\\AppData\\Local\\Coursier\\cache\\v1\\https\\repo1.maven.org\\maven2\\org\\scala-lang\\scala-library\\2.13.10\\scala-library-2.13.10.jar","C:\\Users\\Asus\\AppData\\Local\\Coursier\\cache\\v1\\https\\repo1.maven.org\\maven2\\com\\sourcegraph\\semanticdb-javac\\0.7.4\\semanticdb-javac-0.7.4.jar"],"out":"C:\\Users\\Asus\\Desktop\\scala\\.scala-build\\.bloop\\project_bd2c96d2de","classesDir":"C:\\Users\\Asus\\Desktop\\scala\\.scala-build\\project_bd2c96d2de\\classes\\main","scala":{"organization":"org.scala-lang","name":"scala-compiler","version":"3.3.0","options":["-Xsemanticdb","-sourceroot","C:\\Users\\Asus\\Desktop\\scala","-release","8"],"jars":["C:\\Users\\Asus\\AppData\\Local\\Coursier\\cache\\v1\\https\\repo1.maven.org\\maven2\\org\\scala-lang\\scala3-compiler_3\\3.3.0\\scala3-compiler_3-3.3.0.jar","C:\\Users\\Asus\\AppData\\Local\\Coursier\\cache\\v1\\https\\repo1.maven.org\\maven2\\org\\scala-lang\\scala3-interfaces\\3.3.0\\scala3-interfaces-3.3.0.jar","C:\\Users\\Asus\\AppData\\Local\\Coursier\\cache\\v1\\https\\repo1.maven.org\\maven2\\org\\scala-lang\\scala3-library_3\\3.3.0\\scala3-library_3-3.3.0.jar","C:\\Users\\Asus\\AppData\\Local\\Coursier\\cache\\v1\\https\\repo1.maven.org\\maven2\\org\\scala-lang\\tasty-core_3\\3.3.0\\tasty-core_3-3.3.0.jar","C:\\Users\\Asus\\AppData\\Local\\Coursier\\cache\\v1\\https\\repo1.maven.org\\maven2\\org\\scala-lang\\modules\\scala-asm\\9.4.0-scala-1\\scala-asm-9.4.0-scala-1.jar","C:\\Users\\Asus\\AppData\\Local\\Coursier\\cache\\v1\\https\\repo1.maven.org\\maven2\\org\\scala-sbt\\compiler-interface\\1.3.5\\compiler-interface-1.3.5.jar","C:\\Users\\Asus\\AppData\\Local\\Coursier\\cache\\v1\\https\\repo1.maven.org\\maven2\\org\\jline\\jline-reader\\3.19.0\\jline-reader-3.19.0.jar","C:\\Users\\Asus\\AppData\\Local\\Coursier\\cache\\v1\\https\\repo1.maven.org\\maven2\\org\\jline\\jline-terminal\\3.19.0\\jline-terminal-3.19.0.jar","C:\\Users\\Asus\\AppData\\Local\\Coursier\\cache\\v1\\https\\repo1.maven.org\\maven2\\org\\jline\\jline-terminal-jna\\3.19.0\\jline-terminal-jna-3.19.0.jar","C:\\Users\\Asus\\AppData\\Local\\Coursier\\cache\\v1\\https\\repo1.maven.org\\maven2\\org\\scala-lang\\scala-library\\2.13.10\\scala-library-2.13.10.jar","C:\\Users\\Asus\\AppData\\Local\\Coursier\\cache\\v1\\https\\repo1.maven.org\\maven2\\com\\google\\protobuf\\protobuf-java\\3.7.0\\protobuf-java-3.7.0.jar","C:\\Users\\Asus\\AppData\\Local\\Coursier\\cache\\v1\\https\\repo1.maven.org\\maven2\\org\\scala-sbt\\util-interface\\1.3.0\\util-interface-1.3.0.jar","C:\\Users\\Asus\\AppData\\Local\\Coursier\\cache\\v1\\https\\repo1.maven.org\\maven2\\net\\java\\dev\\jna\\jna\\5.3.1\\jna-5.3.1.jar"]},"java":{"options":["--release","8","-Xplugin:semanticdb -sourceroot:C:\\Users\\Asus\\Desktop\\scala -targetroot:javac-classes-directory","-J--add-exports","-Jjdk.compiler/com.sun.tools.javac.api=ALL-UNNAMED","-J--add-exports","-Jjdk.compiler/com.sun.tools.javac.code=ALL-UNNAMED","-J--add-exports","-Jjdk.compiler/com.sun.tools.javac.model=ALL-UNNAMED","-J--add-exports","-Jjdk.compiler/com.sun.tools.javac.tree=ALL-UNNAMED","-J--add-exports","-Jjdk.compiler/com.sun.tools.javac.util=ALL-UNNAMED"]},"platform":{"name":"jvm","config":{"options":[]},"mainClass":[]},"resolution":{"modules":[{"organization":"org.scala-lang","name":"scala3-library_3","version":"3.3.0","artifacts":[{"name":"scala3-library_3","path":"C:\\Users\\Asus\\AppData\\Local\\Coursier\\cache\\v1\\https\\repo1.maven.org\\maven2\\org\\scala-lang\\scala3-library_3\\3.3.0\\scala3-library_3-3.3.0.jar"},{"name":"scala3-library_3","classifier":"sources","path":"C:\\Users\\Asus\\AppData\\Local\\Coursier\\cache\\v1\\https\\repo1.maven.org\\maven2\\org\\scala-lang\\scala3-library_3\\3.3.0\\scala3-library_3-3.3.0-sources.jar"}]},{"organization":"org.scala-lang","name":"scala-library","version":"2.13.10","artifacts":[{"name":"scala-library","path":"C:\\Users\\Asus\\AppData\\Local\\Coursier\\cache\\v1\\https\\repo1.maven.org\\maven2\\org\\scala-lang\\scala-library\\2.13.10\\scala-library-2.13.10.jar"},{"name":"scala-library","classifier":"sources","path":"C:\\Users\\Asus\\AppData\\Local\\Coursier\\cache\\v1\\https\\repo1.maven.org\\maven2\\org\\scala-lang\\scala-library\\2.13.10\\scala-library-2.13.10-sources.jar"}]}]},"tags":["library"]}}